{"projectIdentifier":"SG-29580","commitHash":"b392f63","defineSymbols":"ANDROID_USE_SWAPPY;CSHARP_7_3_OR_NEWER;CSHARP_7_OR_LATER;DEBUG;DEVELOPMENT_BUILD;ENABLE_ACCELERATOR_CLIENT_DEBUGGING;ENABLE_AR;ENABLE_AUDIO;ENABLE_CACHING;ENABLE_CLOTH;ENABLE_CLOUD_LICENSE;ENABLE_CLOUD_SERVICES;ENABLE_CLOUD_SERVICES_ADS;ENABLE_CLOUD_SERVICES_ANALYTICS;ENABLE_CLOUD_SERVICES_BUILD;ENABLE_CLOUD_SERVICES_COLLAB;ENABLE_CLOUD_SERVICES_COLLAB_SOFTLOCKS;ENABLE_CLOUD_SERVICES_CRASH_REPORTING;ENABLE_CLOUD_SERVICES_NATIVE_CRASH_REPORTING;ENABLE_CLOUD_SERVICES_PURCHASING;ENABLE_CLOUD_SERVICES_UNET;ENABLE_CLOUD_SERVICES_USE_WEBREQUEST;ENABLE_CRUNCH_TEXTURE_COMPRESSION;ENABLE_CUSTOM_RENDER_TEXTURE;ENABLE_DIRECTOR;ENABLE_DIRECTOR_AUDIO;ENABLE_DIRECTOR_TEXTURE;ENABLE_EDITOR_GAME_SERVICES;ENABLE_EDITOR_HUB_LICENSE;ENABLE_EGL;ENABLE_ENGINE_CODE_STRIPPING;ENABLE_EVENT_QUEUE;ENABLE_INPUT_SYSTEM;ENABLE_LEGACY_INPUT_MANAGER;ENABLE_LOCALIZATION;ENABLE_LZMA;ENABLE_MANAGED_ANIMATION_JOBS;ENABLE_MANAGED_AUDIO_JOBS;ENABLE_MANAGED_JOBS;ENABLE_MANAGED_TRANSFORM_JOBS;ENABLE_MANAGED_UNITYTLS;ENABLE_MICROPHONE;ENABLE_MONO;ENABLE_MULTIPLE_DISPLAYS;ENABLE_NETWORK;ENABLE_NVIDIA;ENABLE_ONSCREEN_KEYBOARD;ENABLE_PHYSICS;ENABLE_PROFILER;ENABLE_RUNTIME_GI;ENABLE_RUNTIME_PERMISSIONS;ENABLE_SCRIPTING_GC_WBARRIERS;ENABLE_SPATIALTRACKING;ENABLE_SPRITES;ENABLE_TERRAIN;ENABLE_TEXTURE_STREAMING;ENABLE_TILEMAP;ENABLE_TIMELINE;ENABLE_UNET;ENABLE_UNITYADS_RUNTIME;ENABLE_UNITYEVENTS;ENABLE_UNITYWEBREQUEST;ENABLE_VIDEO;ENABLE_VIRTUALTEXTURING;ENABLE_VR;ENABLE_WEBCAM;ENABLE_WEBSOCKET_CLIENT;ENABLE_WWW;GFXDEVICE_WAITFOREVENT_MESSAGEPUMP;INCLUDE_DYNAMIC_GI;NET_STANDARD;NET_STANDARD_2_0;NET_STANDARD_2_1;NETSTANDARD;NETSTANDARD2_1;PLATFORM_ANDROID;PLATFORM_SUPPORTS_ADS_ID;PLATFORM_SUPPORTS_MONO;PLATFORM_UPDATES_TIME_OUTSIDE_OF_PLAYER_LOOP;SCENE_TEMPLATE_MODULE;TEXTCORE_1_0_OR_NEWER;TRACE;UNITY_2017_1_OR_NEWER;UNITY_2017_2_OR_NEWER;UNITY_2017_3_OR_NEWER;UNITY_2017_4_OR_NEWER;UNITY_2018_1_OR_NEWER;UNITY_2018_2_OR_NEWER;UNITY_2018_3_OR_NEWER;UNITY_2018_4_OR_NEWER;UNITY_2019_1_OR_NEWER;UNITY_2019_2_OR_NEWER;UNITY_2019_3_OR_NEWER;UNITY_2019_4_OR_NEWER;UNITY_2020_1_OR_NEWER;UNITY_2020_2_OR_NEWER;UNITY_2020_3_OR_NEWER;UNITY_2021_1_OR_NEWER;UNITY_2021_2_OR_NEWER;UNITY_2021_3_OR_NEWER;UNITY_2022;UNITY_2022_1;UNITY_2022_1_16;UNITY_2022_1_OR_NEWER;UNITY_5_3_OR_NEWER;UNITY_5_4_OR_NEWER;UNITY_5_5_OR_NEWER;UNITY_5_6_OR_NEWER;UNITY_ANDROID;UNITY_ANDROID_API;UNITY_ASSERTIONS;UNITY_ASTC_ONLY_DECOMPRESS;UNITY_CAN_SHOW_SPLASH_SCREEN;UNITY_HAS_GOOGLEVR;UNITY_HAS_TANGO;UNITY_TEAM_LICENSE;UNITY_UNITYADS_API;USE_PROPERTY_DATABASE;USE_QUERY_BUILDER;USE_SEARCH_ENGINE_API;USE_SEARCH_EXTENSION_API;USE_SEARCH_MODULE;USE_SEARCH_TABLE","projectOmissionRegex":"Autodesk\\.Fbx\\.Editor|com\\.unity\\.cinemachine\\.editor|DocCodeExamples|FbxLinuxTest|FullscreenEditor|PPv2URPConverters|SeparateAssembly|SingularityGroup\\.HotReload\\.Editor|Unity\\.Burst\\.CodeGen|Unity\\.Burst\\.Editor|Unity\\.Burst\\.Editor\\.Tests|Unity\\.Burst\\.Tests\\.UnitTests|Unity\\.CollabProxy\\.Editor|Unity\\.CollabProxy\\.EditorTests|Unity\\.EditorCoroutines\\.Editor|Unity\\.Formats\\.Fbx\\.Editor|Unity\\.InputSystem\\.IntegrationTests|Unity\\.InputSystem\\.TestFramework|Unity\\.InternalAPIEditorBridgeDev\\.001|Unity\\.Mathematics\\.Editor|Unity\\.PlasticSCM\\.Editor|Unity\\.Play\\.Publisher\\.Editor|Unity\\.Play\\.Publisher\\.Editor\\.Tests|Unity\\.RenderPipelines\\.Core\\.Editor|Unity\\.RenderPipelines\\.Core\\.Editor\\.Tests|Unity\\.RenderPipelines\\.Core\\.Runtime\\.Tests|Unity\\.RenderPipelines\\.Universal\\.Editor|Unity\\.RenderPipelines\\.Universal\\.Editor\\.Tests|Unity\\.RenderPipelines\\.Universal\\.Runtime\\.Tests|Unity\\.Rider\\.Editor|Unity\\.Searcher\\.Editor|Unity\\.Searcher\\.EditorTests|Unity\\.Services\\.Core\\.Configuration\\.Editor|Unity\\.Services\\.Core\\.Editor|Unity\\.Settings\\.Editor|Unity\\.ShaderGraph\\.Editor|Unity\\.ShaderGraph\\.Editor\\.Tests|Unity\\.ShaderGraph\\.Utilities|Unity\\.Sysroot\\.Linux_x86_64|Unity\\.SysrootPackage\\.Editor|Unity\\.TextMeshPro\\.Editor|Unity\\.TextMeshPro\\.Editor\\.Tests|Unity\\.TextMeshPro\\.Tests|Unity\\.Timeline\\.Editor|Unity\\.Toolchain\\.Win-x86_64-Linux-x86_64|Unity\\.VisualScripting\\.Core\\.Editor|Unity\\.VisualScripting\\.Flow\\.Editor|Unity\\.VisualScripting\\.SettingsProvider\\.Editor|Unity\\.VisualScripting\\.Shared\\.Editor|Unity\\.VisualScripting\\.State\\.Editor|Unity\\.VisualStudio\\.Editor|Unity\\.VSCode\\.Editor|UnityEditor\\.TestRunner|UnityEditor\\.UI|UnityEngine\\.UI\\.Tests","buildMachineHostName":"172.27.170.83","buildMachinePort":33242,"activeBuildTarget":"WebGL"}